{"cameraMode":{"drawMode":0,"name":"Shaded","section":"Shading Mode"},"sceneLighting":true,"audioPlay":false,"sceneViewState":{"m_AlwaysRefresh":false,"showFog":true,"showSkybox":true,"showFlares":true,"showImageEffects":true,"showParticleSystems":true,"showVisualEffectGraphs":true,"m_FxEnabled":true},"in2DMode":false,"pivot":{"x":-5.917718887329102,"y":2.7516324520111086,"z":3.7052016258239748},"rotation":{"x":0.07843390107154846,"y":0.3538285493850708,"z":-0.02979169972240925,"w":0.9315398335456848},"size":4.518445014953613,"orthographic":true}